{"cameraMode":{"drawMode":0,"name":"Shaded","section":"Shading Mode"},"sceneLighting":true,"audioPlay":false,"sceneViewState":{"showFog":true,"showMaterialUpdate":false,"showSkybox":true,"showFlares":true,"showImageEffects":true,"showParticleSystems":true},"in2DMode":false,"pivot":{"x":11.529555320739746,"y":-21.400209426879884,"z":-8.347179412841797},"rotation":{"x":0.2982582449913025,"y":0.462822824716568,"z":-0.1688290685415268,"w":0.8175408244132996},"size":27.843812942504884,"orthographic":false}